,Track_ID,alpha,D_fit,kurtosis,asymmetry1,asymmetry2,asymmetry3,AR,elongation,boundedness,fractal_dim,trappedness,efficiency,straightness,MSD_ratio,frames,X,Y,Quality,Mean_Intensity,SN_Ratio,Deff1,Deff2
0,1.0,0.5955394572497327,9.414432964705329,1.6215046152887722,0.5554822390456493,0.3820082798454928,0.10533852257929598,1.4022501558008384,0.28686048215919757,0.06390051503698062,1.7885260181243636,-0.20773910999172562,0.5544306135393723,0.16993749093678023,0.009715583446582271,26.0,273.62618354565956,634.1458323146176,,,,4.501656631640618,
1,2.0,0.5147766235665191,4.118384557173537,2.3653498974366385,0.42612292568812726,0.45834674121367364,0.07146905111330074,1.1693967100932843,0.14485820648475334,0.2682002160872536,2.0752295580111624,-0.1473284486915325,0.2340040111491103,0.1668925888191224,0.5297645260754034,11.0,962.5602473637877,143.36960521952616,,,,0.9960012500000195,
2,3.0,1.7281289730424234,0.482167129481661,1.7657739096249054,0.8854970639561238,0.17433350677883938,0.2839163413652744,2.8316375530035187,0.6468474579526254,0.06378692074653393,1.403491301115891,-0.20777356906507105,1.3697785320862232,0.35366729227973126,-0.07645779903116788,17.0,115.51620143864363,704.5329710248033,,,,2.993159116071448,
3,4.0,1.5276205344225657,1.0842635493713404,2.2091510338741696,0.8782681262145541,0.18010955331685047,0.2762071969350788,2.3182585160070377,0.5686417226140952,0.07869065424420521,1.3260074277665355,-0.20326087643334878,2.3048103913538385,0.4971948752774545,-0.14058520075004555,13.0,489.6867683142291,910.0167615440289,,,,4.285297937499913,
4,5.0,0.10566830979204786,2.4427698165175062,2.2332913805497436,0.47107380538744725,0.4312710370046591,0.0822379544345529,1.4797714780013504,0.3242199793236673,0.20767287477362514,2.446622859360783,-0.1649041442783441,0.03129304657218131,0.043581609818458766,2.690440808246881,22.0,270.1418066984777,638.0339132348084,,,,0.46915756718749463,
5,6.0,0.5694569966276817,2.7407011921453575,1.9038646808216197,0.3509125193025083,0.5059472710352358,0.055316348083249776,1.5180485259484202,0.34125952964827844,0.12960000157910095,1.7326133400600277,-0.18797285054578272,0.2787659470940434,0.15566745901417986,0.35977554481367213,14.0,971.4920305782134,881.3767007958095,,,,1.1711376437500063,
6,7.0,1.3993780490060825,2.529761491381122,2.8983971726783913,0.9647842030587912,0.09467030485829935,0.41853928387718975,2.644796951250137,0.6218991406779555,0.12646059686825423,1.5245725756452888,-0.18890996540422655,0.8563498671656019,0.38167247757298345,-0.12200138214690412,10.0,646.9418992018221,428.55546436560735,,,,,
7,8.0,0.9805476704879982,5.3218458375415185,3.1691004439561845,0.8052868616087596,0.23256471325930633,0.2154678800938301,1.5207869466992114,0.3424456974920467,0.057320493354452884,1.4648979049457662,-0.20973679564218894,1.1733872913100925,0.2877559740475978,-0.056126975512153246,18.0,27.205,726.7049999999999,,,,6.385738450781271,
8,9.0,1.440517766144122,0.8031652884433291,2.1396635745711765,0.4445335666883209,0.4471597906011964,0.07576788874255427,1.6230327565007927,0.38386949000587745,0.04871758002466305,1.539587694899199,-0.21235361352220394,1.9653067313589139,0.3225615955290636,-0.07095744654342495,25.0,973.3310334496177,900.7129110559507,,,,3.281347523333345,
9,10.0,0.3594636963056242,3.574921393402024,1.4895860408874602,0.5454926731831369,0.3877725605300069,0.1023764619259666,1.7238051372490293,0.4198880265574153,0.1051054014489499,1.655755577246232,-0.19530415536758938,0.07127402203593831,0.07602188297857235,1.5451651633316104,20.0,566.4550526214236,4.387923111456026,,,,1.2483768331249998,
10,11.0,0.9898900994315473,2.866062485951995,1.6187469197575117,0.9542792812203976,0.1081628026965589,0.3913294500597096,2.6433903959066343,0.6216979521645654,0.09460293563142366,1.5094213652966106,-0.19846141583063348,1.0240856331290793,0.33165923428351607,-0.07849690509685928,13.0,481.6795009724248,120.93829659392874,,,,2.850487041666676,
11,12.0,0.2577304069649859,3.7255442015741633,2.7184556733720444,0.2970574846195881,0.5426540451424033,0.04494122643983233,1.3937054411563328,0.2824882715745748,0.23185309420044783,2.2477792462670356,-0.15785071931203265,0.0023040753125297417,0.015190781065352144,49.4955460087955,15.0,978.440541733359,413.383161993641,,,,0.9781185999999963,
12,13.0,0.37601273888771947,29.11054937848374,2.3364900767474373,0.8990877266576079,0.163056429649498,0.29964282586013163,2.1926686102717996,0.5439347308045599,0.0237581943651616,1.5436867236930036,-0.21997779080504087,0.4596871810912488,0.1204159765461707,0.0466135176697248,41.0,384.29267731873,126.21682829080564,,,,7.438783199999994,
13,14.0,2.3005723715570396,0.05716252086683941,2.448931842868764,0.9607605566631596,0.10003590026776238,0.40746039259804645,3.172838099168457,0.684824762958412,0.040466537601437376,1.5718248776534611,-0.2148687177872457,1.2678869917956392,0.24775065276079017,-0.044496236916870546,30.0,453.47810925364774,566.2726574020627,,,,3.043717172812488,
14,15.0,1.3933889223922322,1.9891589907687248,2.0806467237569715,0.9562617638112004,0.10573756229035433,0.3960637721052633,3.1257961064169244,0.6800815005345016,0.09848820140243579,1.3860070308732129,-0.19729245309836707,1.3564122080510048,0.4137483636917095,-0.10585441946415997,12.0,912.1436132467057,189.3566411071186,,,,5.951116412500036,
15,16.0,0.6505952863631483,5.2120578965638416,3.6633812325234976,0.23168800259902364,0.5917170945972497,0.03345061427354519,1.047849963337134,0.04566489956705655,0.16794248421776517,1.9811169812222666,-0.17658701369132812,0.43339781939054245,0.19435890667791672,0.11136194680654196,14.0,83.80661047416955,741.3850589899167,,,,2.688927343749998,
16,17.0,0.3796506931676579,7.679580313564161,2.1486871044010605,0.13744687077245424,0.677545377795469,0.018646676954569574,1.1089305539578405,0.09823027561920872,0.1723616656833089,1.9939464328445768,-0.17528176685885555,0.3648023325432659,0.17891106160532572,0.15189230382962,16.0,478.88097975627664,121.23403495407956,,,,1.4176599677083381,
17,18.0,1.9419301659187185,1.1627292375610458,2.077595249849845,0.9422448735764233,0.12194845388023881,0.36563154074842463,3.040057393437084,0.671058841797259,0.08571269223542093,1.2294282941661492,-0.20114052521261705,3.1908081008224665,0.6144458882347581,-0.17995859956055077,11.0,910.0067378794754,45.23149134796424,,,,12.467403650000065,
18,19.0,0.6616677017125207,3.678478618809016,2.5873140303492645,0.9059347716106736,0.15713679668124186,0.3082743478095933,2.058376881347625,0.5141803189388247,0.06096170856000185,1.5691861303416694,-0.2086309196656535,0.23966057631158222,0.1262856107356765,0.2850228369996576,20.0,259.94714129901087,868.3699256328873,,,,2.037680515000001,
19,20.0,1.560860717200796,1.4078340313085669,2.0040290774383283,0.9151307377037017,0.1488907409235812,0.3207555693213675,2.3062714164900218,0.566399690491795,0.06999927497751275,1.411188373958514,-0.20589048063462045,2.010720481258575,0.402219667684455,-0.11071178273359729,15.0,943.9212498478464,259.4998043489527,,,,6.481390307500024,
20,21.0,0.04846412061731668,16.625210047299422,2.5941167404334906,0.9682836706779235,0.08976286666559002,0.42898609203151133,2.266314140775663,0.5587549042703575,0.1343587003237231,1.5949048214289399,-0.18655378330148475,0.03605760003925245,0.05959894103652417,5.067363365721999,14.0,75.73149999999991,730.5325000000003,,,,0.47404394999999955,
21,22.0,1.2674212244514205,2.017915834576858,2.166614105750362,0.9924912561317878,0.04340814290643031,0.5451703174533273,3.386786598760797,0.7047348656789023,0.021075765672582215,1.4025622608238482,-0.2208000224480242,2.2576291533346873,0.3056575504452056,-0.06535360589905677,31.0,576.0695120609751,15.017976541500097,,,,3.205878502976192,
22,23.0,0.6587176892509512,4.99220395789455,3.0039441931136905,0.6935622826010591,0.3020335008878057,0.15511057052484156,1.285288257822593,0.2219644162204515,0.16511295722596,1.857787553188751,-0.17742350222357373,0.39714260559379133,0.17877853161746912,0.20100735420962287,17.0,441.4367018244061,570.119171348544,,,,2.694167524107121,
23,24.0,0.10066018051306756,8.909499130937899,3.584205272724698,0.058324959702359486,0.7816311220739522,0.007539665824544869,1.240863045764915,0.19410929077707995,0.10416563857634056,1.999338509110023,-0.19558632854895053,0.07359737678013548,0.05947243791835634,0.9132189907834964,29.0,247.66326865383476,1011.1748504510176,,,,1.6441160187499946,
24,25.0,1.1883001088518543,3.6352875097323127,1.6286302517114983,0.34966320740177453,0.5067698272545342,0.05506528008222441,1.3987627097581907,0.2850824567857734,0.17851410350049984,2.5696802596668595,-0.17346699731954351,0.3837181551373034,0.20761209244977033,-0.05146618955501853,11.0,16.192762676865563,264.2750988850308,,,,6.853651924999999,
25,26.0,1.5285858674652522,1.603941132728901,2.0397597599545993,0.9938924232171319,0.03913534058857866,0.557766779867048,4.259417488229276,0.7652261130158152,0.05895568034802721,1.5232674036320966,-0.20924004675987473,1.7759250179577288,0.3705042987797744,-0.10771098631863946,18.0,46.73868311514511,750.3181491318699,,,,6.287621846874998,
26,27.0,0.4928925494883349,6.015344525866328,2.0913475864628723,0.8702643452882303,0.1863480582677058,0.26813084079229654,2.115625922594018,0.5273266463033897,0.1188402396842568,1.6832084276009456,-0.19118772428368946,0.215098533613277,0.14338563684989,0.44151902903515233,15.0,296.69810620771545,191.16558266223538,,,,2.4440156800000055,
27,28.0,0.3053125213114939,5.336338309495039,1.890500285548209,0.0006951394492126962,0.9739730850823388,8.692642344969805e-05,1.1387170592217197,0.12181872406173389,0.20828850194034776,2.1726812636421573,-0.16472403248275547,0.052874356871769244,0.08217486311638762,1.4581437920605236,15.0,469.33964281250263,123.92817306013511,,,,1.3487020875,
28,29.0,0.19406158972598841,3.746272340424539,2.4166681779789374,0.9231663786121561,0.14136403264642636,0.3326370507672906,2.3710039374032825,0.5782377311885878,0.11457817934653083,1.6786997322092603,-0.19246357554025528,0.12664769689389227,0.10877769024356412,0.9319163024975313,14.0,541.4757607211678,97.62520619735858,,,,0.36370341874999934,
29,30.0,0.6165480928385639,11.09362412348613,3.3305409711142215,0.9813142694318358,0.06867018040108445,0.4776211760512454,2.5746812402122026,0.6116024056175664,0.10479314308137223,1.3801735140829068,-0.19539790667023138,0.33781885782592136,0.19975374652522557,0.41805877080787945,12.0,957.2187580866963,251.6744546227459,,,,3.6712390999999953,
30,31.0,0.43184953601620674,3.286255382919203,2.3744423178575707,0.8540754829913888,0.19852832975558823,0.2530728053491215,1.9232462161311035,0.4800457728123604,0.12919901450014876,1.79670721441394,-0.18809250435527036,0.14476955212323392,0.11245429594630516,0.7253105879756532,15.0,588.5963205279564,15.980603422431559,,,,1.3719153550000056,
31,32.0,1.2197078811868118,2.228593313424137,2.8799214179872124,0.9648961542947985,0.09451698910452673,0.41886105030072407,3.249969746819285,0.6923048280745718,0.06863271659870814,1.4050145661749298,-0.20630445967847644,0.5963681940954295,0.26644485132716966,-0.019251350476891804,12.0,961.7302101705736,195.9977605912354,,,,5.0647587374999725,
32,33.0,0.8797221139050924,4.304045749568459,2.805006540956041,0.944591093721048,0.1193726221496739,0.3702818824569447,2.0759304491156843,0.5182882931237002,0.07186247506093113,1.5683671118024798,-0.20532628007733233,0.95868569919486,0.27400421324978297,-0.04885703680183867,18.0,534.4880236126077,115.0454142753084,,,,4.534651703125002,
33,34.0,0.8438060861502601,1.1204090184158304,4.150128503814745,0.9473880193542954,0.1162360159761275,0.3760365567670518,2.80053015254999,0.642924751554822,0.1335561008073455,1.7204302488853658,-0.18679300350907124,0.6014941927902812,0.23976394434670617,0.040502414262342995,15.0,124.57500000000012,787.387,,,,0.5761534312499915,
34,35.0,1.0031766638961341,1.4861073888606604,2.309351458335965,0.6326788535003747,0.3375662773185612,0.13083534010469514,1.2282363039909254,0.1858244242165079,0.045014832778372676,1.7391480337808278,-0.2134816499151857,0.44588059652572365,0.1304546824801641,0.04309895031027622,35.0,134.75268155022982,137.46071657390362,,,,1.7332726099999989,
35,36.0,2.0618032299031714,1.1591166362520173,1.6962273133178143,0.9931394433817327,0.04148551443729904,0.5507925967704799,4.142340325770136,0.7585905740822776,0.02799044059608076,1.175823647144446,-0.21868162724660656,5.9990969664449585,0.6546483964796447,-0.14848014763921336,17.0,394.62979549662623,936.0344069677958,,,,16.610900742857144,
36,37.0,0.21235062856976727,26.179904399218156,2.4120711670066513,0.5076016635483791,0.40976741807395056,0.09172484504328575,1.3173122190300515,0.24087852101128404,0.016190121435730412,1.7368175277090838,-0.22229901897985616,0.4146802505183956,0.07775968921703554,0.025686460337406458,89.0,266.12195878407624,863.5298774654362,,,,3.185400925712025,
37,38.0,1.8004982023014617,0.09744512157616686,2.6767705803234154,0.9194953846246922,0.14484296608021893,0.3270855862700028,2.067311679591287,0.5162800027339358,0.056820150558696506,1.6145193381475915,-0.2098888341492431,0.8747543762182655,0.23261169038284557,-0.03651737183962034,22.0,137.09666453899905,140.85070521036158,,,,0.6266992583333344,
38,39.0,0.848893329046107,9.890647952751246,3.915684025009071,0.7162594884763449,0.2885050563903693,0.16541122523621263,1.208292452933351,0.17238579321395486,0.017139530440960875,1.491294508100536,-0.2220075805657753,0.742683971478513,0.1596362226198439,-0.01124487067430506,46.0,317.20814252494205,1004.9224387996409,,,,5.679801427430553,
39,40.0,0.33636264043974434,9.212650344153028,2.9452885519007994,0.9019377115305437,0.16061360372290262,0.3031723788215191,2.8013930062445866,0.6430347338731484,0.051145322565328846,1.7585806630095597,-0.21161457461830513,0.31747558967522654,0.11374468106793764,0.10754884579777979,31.0,393.51143565389185,174.63169627886793,,,,2.641990559523806,
40,41.0,1.2273801477888566,3.6826246159513616,2.349655481143213,0.8548418629606769,0.19796366932423046,0.25375087758763026,1.2001680560674048,0.1667833559270826,0.020205329128033956,1.3587917696310936,-0.2210669521402091,3.0643857277236117,0.36287714353365735,-0.07175044096086569,31.0,972.6418400272493,910.9144247612693,,,,6.093657808333338,
41,42.0,2.0400657071028236,0.09994631694876899,1.787429955126152,0.9540203912794925,0.10847587368347494,0.39072312151729377,3.2829290571398975,0.6953939659996173,0.08925483211088116,1.6154302541520549,-0.20007237061191274,1.2582003565492326,0.30637295782770657,-0.061545814695940504,18.0,943.3577413700832,242.90331910623496,,,,1.258170982031245,
42,43.0,1.9471923691920778,0.20412039578765007,2.052596300628247,0.9448256913058966,0.11911235645218886,0.37075551873513396,2.6803791271529884,0.6269184497559614,0.04757555793789126,1.525815668345553,-0.2127014169584729,1.6247887771941931,0.3269308532045748,-0.08348991309860997,22.0,132.3386592421174,134.35324341914952,,,,1.8250765333333352,
43,44.0,1.900323508332202,0.02585993314706895,3.050682737676903,0.8988957508174795,0.16321993709931695,0.29940818176235307,2.4450684173060195,0.5910134894704494,0.014814162686439902,1.7644145456833589,-0.22272151798538387,0.8662258963739587,0.10795039811769862,-0.006120807681448029,104.0,887.5435,6.321500000000109,,,,0.8553966648936152,1.535625
44,45.0,1.6347664675151663,0.09375286085346189,4.781930058724046,0.39009735311916155,0.48071731010336993,0.06346612717643021,1.7450395461054236,0.4269470842470027,0.014476966279822326,1.7751533001364919,-0.22282507908418747,0.7747957969350127,0.10261908072702347,-0.005815579638451078,95.0,979.2396613066587,922.9678613751558,,,,2.031393921323533,
45,46.0,1.0488788540322325,4.871001836947393,2.9871876125868706,0.7108929551305357,0.2917224885667941,0.1629043115034831,1.749564364126944,0.42842914470367977,0.07606508050419805,1.407075197762863,-0.20405464699924813,1.2507530456042668,0.3558766118211862,-0.07466104037222332,15.0,918.9104621257402,515.965627953011,,,,6.716640735000024,
46,47.0,0.4819297858697215,7.069729113702,2.5680250234541373,0.9401447774816375,0.12421402790558068,0.36159647323743394,2.492583151354421,0.5988097731236691,0.10709107251330224,1.549542070214923,-0.19470815681317477,0.21463470849803876,0.13697095279130625,0.6361792308752408,15.0,928.939145204895,914.5217763107137,,,,2.9852451099999984,
47,48.0,1.5502369289344533,0.24324730150553478,3.001266550452308,0.8016034746452116,0.23500860925286166,0.21299738674331983,2.447420938255322,0.5914066173214716,0.03759059121337008,1.565888159403829,-0.2157465970028034,0.9211628885997024,0.2138107397699852,-0.02658492339508449,32.0,328.10799234662613,1002.1123271972049,,,,1.5765724954545397,
48,49.0,1.8422945251738527,0.7958099021484399,2.048146547516703,0.9278611201098488,0.13680686122297497,0.3400689107587811,2.3236686577505874,0.5696460436971063,0.09462762603259402,1.3164977339624373,-0.19845398360951605,2.0910306228952735,0.5133505543815424,-0.14128226793424173,12.0,920.8868761862917,274.9759555336732,,,,7.72872793749999,
49,50.0,1.0647712926774437,3.4337285813125917,1.6586544467581752,0.9132339224284924,0.15062174833903397,0.31809006551335883,2.1207661512997067,0.5284722931912356,0.08718985794565152,1.360329356876433,-0.2006949610632076,1.5320094729733065,0.4032015254850291,-0.09295619517650641,13.0,887.0089590394747,56.03213331639723,,,,4.366763424999976,
50,51.0,1.5337955284530698,1.0407824398277121,1.8162768201636528,0.9380411896809461,0.12644758577691165,0.3576680538556999,2.054394241980128,0.5132385111067339,0.02017920559259612,1.4615600929275532,-0.22107496413428862,2.0541731364105775,0.2706049697786106,-0.049676158277750106,39.0,9.729784794458734,589.0026783074192,,,,3.7059629515086243,
51,52.0,1.614487181204461,1.7039636138920808,1.7334136591170088,0.9348382505342341,0.12978384515088065,0.3518901695856254,2.6745515379117526,0.6261055411253043,0.04848731275234313,1.2933833867743272,-0.21242373351331145,3.4593538883673896,0.5198879849668239,-0.1365038090228061,16.0,748.8015610863171,479.5842912718305,,,,8.531942542708311,
52,53.0,1.4243376447556584,2.9393727376930023,1.4866475632029479,0.9851524450597359,0.06115311417164332,0.49656830150105447,2.928445177972379,0.6585218642568585,0.042617999792565475,1.2848604301437156,-0.21421240102535943,3.1891197960967976,0.4864203736906754,-0.1251873626201296,17.0,899.7893600950459,53.30819894641932,,,,10.06038210267861,
53,54.0,1.6058087974256565,0.43198640717876075,3.6358539594505572,0.7267006726936518,0.28220760093130226,0.17042482137903595,1.6926552806371,0.40921225281995455,0.04614166750680684,1.5213255374643244,-0.2131382503466852,1.4409827607604637,0.28204454826639846,-0.04362292949279463,30.0,338.1723301790209,1011.7638257804016,,,,2.7806313781250034,
54,55.0,1.5053585727273147,0.7799279937882869,1.9947451628022774,0.7354318384058739,0.27689993063089957,0.17476315775296247,1.6165655300974662,0.3814046004434427,0.04859605046553585,1.4673403341201066,-0.21239062067111059,1.6309449600454682,0.308040972324767,-0.06486881381188507,22.0,743.3211567439043,466.18926614294384,,,,2.284619304166667,
55,56.0,2.489862724738788,0.12919387849642058,1.7929373438635425,0.49886968281967203,0.41487584251952087,0.08939143586691306,1.8837894755624107,0.4691551189914961,0.10888305761670738,1.4710700441553255,-0.19417054815210233,1.1951554534107514,0.44509729520397345,-0.15439717837384992,11.0,824.3179726180473,174.36620862964784,,,,5.153808849999924,
56,57.0,1.3452244375233862,3.460042268566624,1.5856299729775243,0.9489558093974798,0.11444436513037107,0.379369844041506,2.1749961997189615,0.5402290817201367,0.04780829851956946,1.4184356099663569,-0.21263052759574763,2.264707968979005,0.3761918472049686,-0.08680650719396388,21.0,519.4253333875006,107.41948031037003,,,,9.137189693181814,
57,58.0,0.5478621037172365,5.259978710020165,2.068735769472056,0.8824001406309454,0.1768253872806964,0.2805626230581883,1.8797405424380185,0.4680116870262304,0.0687604989629251,1.8928058120611098,-0.2062657438418285,0.46819524370542215,0.1305854225935807,0.056575879586759456,34.0,370.1650715808054,200.12903429557105,,,,2.5300700500000053,
58,59.0,0.2954089938496042,20.259378450511882,2.1160603919375527,0.9251715544996592,0.13943304326821734,0.3357637010522302,2.295278169814982,0.5643229595650239,0.02024924282786327,1.5942145635408196,-0.2210534840853482,0.265023296668124,0.0785193841460006,0.1110611930414318,55.0,748.3769082582795,467.42547641919333,,,,3.215161006805561,
59,60.0,0.09378946795347808,16.43325562774068,2.2564126732314302,0.6161014948129174,0.34712758830121176,0.12492640051698692,1.5045287273574512,0.335340042488656,0.1527924418095489,1.7748703921864233,-0.18107273433188587,0.03938943770252786,0.05869751457876743,3.3881096322452855,18.0,365.52585792109176,604.0584658834536,,,,1.8863305062499989,
60,61.0,2.0829241810723635,0.6544440208164926,2.7609406649491786,0.9339613637602593,0.1306843192243613,0.35034886720140707,2.6070225679632895,0.6164206584597232,0.08670109017865428,1.490752200457288,-0.2008423719874901,1.4794951459585906,0.40351516870744913,-0.14630045448771897,12.0,252.41071217310994,890.6449901363937,,,,9.299734412500056,
61,62.0,0.6037593772880595,4.443519100842414,2.0745734964248808,0.18491446129185712,0.6313358479278093,0.02586723180534577,1.0719261625128786,0.06709992257700348,0.18676332625647066,1.6964221884990314,-0.17103814094430536,0.3867468927830037,0.21818174768953155,0.24681896944529075,13.0,17.917189086316537,609.9105554735211,,,,2.06237102499999,
62,63.0,0.9593900549008944,2.143209038751021,1.9320621597440881,0.9917351879809616,0.04554981620540218,0.5389937341197758,3.656058228896142,0.7264813803849274,0.05174637865559283,1.5534038798741892,-0.21143167429431764,0.37262973568565294,0.1692104079711959,0.06387777030434899,19.0,375.6168329974358,209.66310543675544,,,,2.3572117472222183,
63,64.0,5.007097717743978,9.898928986648197e-08,3.7749040467890493,0.12581410635771345,0.6901728246665194,0.01694419654650718,1.3521545418043046,0.2604395658312787,0.03357945552303768,1.9200257010314277,-0.2169720508825701,0.8297794078099097,0.1304168189582922,-0.010770668265635414,61.0,814.3983934985658,747.1166041719315,,,,0.9425295061274467,
64,65.0,0.22354453340362002,3.3930698374148642,3.3628897194753096,0.2006940550073703,0.6174350631651336,0.028370874021946713,1.574647551481327,0.3649372527463276,0.1804112775554237,1.8993300911448576,-0.17290795800228898,0.12544388263481335,0.12072386219584295,0.8601089636020964,13.0,114.65716908696155,127.11323029658116,,,,0.2951675374999996,
65,66.0,1.368561493144375,1.4049770076657238,1.9571739179525727,0.6817065416567095,0.3090260518567106,0.1500262822846969,1.1138125799908412,0.10218288250234797,0.13906609044623205,1.642574092500521,-0.18515168434574547,1.1033146478947322,0.3489685839561599,-0.07727201058788108,13.0,640.984922687392,16.053371347318212,,,,2.9903562770833436,
66,67.0,0.48286987038159773,11.770165830168546,1.420642419877896,0.6394162214289545,0.3336711425809744,0.13331439057709785,1.1345679541104254,0.11860722279604252,0.07681534060844397,1.8342770992897763,-0.2038277729107003,0.6243526343119383,0.1766345624700379,0.011721716837266277,25.0,347.92237214067654,218.88099673818724,,,,5.092551713749989,
67,68.0,0.3858882702550961,8.550391539506379,5.0856152452164585,0.9146276404528033,0.14935146859657364,0.3200437127667405,1.7211942796873363,0.4190080621336627,0.21903681832720961,1.6342790309461641,-0.16158392037563485,0.25124564003212113,0.19635922689899987,0.5755316991189833,12.0,335.1148627513303,594.3116682768771,,,,0.7543813375000068,
68,69.0,0.9852870594699366,4.288776321441281,2.8381139042443277,0.8690029642971747,0.1873173124225096,0.26689870237684754,2.420326346408442,0.5868325767374657,0.09917608960401135,1.3580091130586838,-0.19708560651403273,1.0978237421476913,0.3522026736329587,-0.02399874238143404,13.0,294.0893788477231,882.2862694532663,,,,3.9364064750000365,
69,70.0,0.6782146873776417,2.209653442951275,1.9214030323629752,0.1466823216315255,0.6679376577330426,0.02001653570032162,1.0588180151662616,0.05555063695910545,0.2959388901024194,2.242703046205633,-0.1393626521156246,0.31794133944976455,0.18080364415110448,0.29681828563791296,13.0,599.5420457879319,20.631680085696704,,,,1.1165716083333337,
70,71.0,0.22539157928750037,4.858512937519207,2.042551862309405,0.21030580271915977,0.6092505252578794,0.0299227099478567,1.1419102706353002,0.12427444982726055,0.1957400671665894,2.0922461946295035,-0.16840078960302263,0.02014415203868604,0.046632127825524367,4.496686778827855,17.0,282.2582518168912,871.0287561309684,,,,0.7607728776785744,
71,72.0,0.6593328912207652,2.9700404381042174,3.137926826098263,0.7316829128084861,0.2791837936046736,0.17288354413456383,2.0156384872873088,0.5038792887181758,0.1521730368996217,1.8588680510880635,-0.18125649511638264,0.5224337550208746,0.2410819439600717,0.01282257430688033,11.0,602.3792305886262,25.77659038446484,,,,2.2054115250000024,
72,73.0,1.0658014899218526,6.173370133857194,1.4626825706122435,0.9788610253974217,0.07308453839805197,0.4669095019771083,2.722209542418949,0.6326513501560198,0.028762003592044137,1.3675352041004274,-0.21844547757872967,1.71906589615814,0.29647456321535687,-0.061999622554698236,25.0,337.648606727749,225.08423984665006,,,,7.031596241666665,
73,74.0,-0.02006765365773536,2.527285752576012,3.3321291440994507,0.2684342457073194,0.5634098966673858,0.03977222331372024,1.2584998509055225,0.20540316371076672,0.17268945188897455,2.001608644609045,-0.1751850098220331,0.03252372867204152,0.051063550263931334,3.710452924932269,17.0,278.14999259313873,178.3101925848992,,,,0.2653451616071454,
74,75.0,0.28706198525163246,5.841950998367627,2.4979255647404437,0.30742694437575074,0.5353687031539965,0.0468705019209528,1.1092794716764358,0.0985139222952387,0.1818606020233084,1.7455655518029944,-0.17248106574527622,0.11787719548916123,0.10824105670172818,1.504552987781846,13.0,968.648296430932,916.4241962987443,,,,0.9209303249999966,
75,76.0,0.0846586605529966,21.523183471344908,1.5526541753691474,0.7547529560583258,0.26500078156578166,0.1848800364211579,1.4928064285144675,0.33012078398193445,0.04140274281382498,1.494986040821488,-0.21458307904685214,0.12631553077947824,0.07559215211204376,0.6758132708045999,29.0,904.0470053313023,8.947215917745634,,,,5.588329461842104,
76,77.0,0.7191663549326794,5.060591637561829,1.681765878113349,0.78842894731495,0.2436357617683092,0.20450123986194246,1.4457057131671471,0.30829629371162093,0.13034561939207023,1.623314308269041,-0.18775039159221274,0.275139798089152,0.1731192991831054,0.3297473446532384,16.0,272.89517054749587,874.7354507101965,,,,4.128795516666656,
77,78.0,1.7575832444853254,0.28963144464645296,2.037832492993338,0.8592216667756014,0.19471492555321449,0.2576892375205396,2.805833793379702,0.6435997020352824,0.09890754945026836,1.7182397361614732,-0.19716635174000463,0.7664487443756136,0.24856265036941677,-0.033611176004163495,15.0,9.533432453200044,639.2607368444081,,,,1.7668478999999926,
78,79.0,0.2737580038074182,7.8567460847117525,1.634563893647602,0.8421592055347557,0.20717182829309638,0.24292557424815525,1.8833184631391937,0.46902235624390454,0.2389444138586808,1.7256581247199498,-0.15579027591360028,0.06206338492433774,0.10026705766617329,2.6901216100799057,12.0,265.796529247449,184.10971686986596,,,,0.5129952250000047,
79,80.0,1.5670837015535661,0.5492405640570244,2.2326723505134334,0.3419032707143629,0.5119068839317172,0.05351734979901853,1.2565084695158333,0.2041438444220539,0.12065235048392725,1.8000180604770692,-0.19064568109300284,1.0038549437466195,0.3001139742596467,-0.07934764951607434,15.0,620.984104358688,61.398856490452005,,,,1.3150627712499863,
80,81.0,1.0195616433681185,4.044958237357287,1.7108724960371848,0.9925313674588422,0.0432916090320772,0.5455089926659388,4.2028671379446205,0.7620671871894951,0.04813408593570048,1.3545648687462515,-0.212531304493915,1.390361640972442,0.32705315071343855,-0.0675681917677426,18.0,799.0927605307655,751.1378819090498,,,,5.0125166812500295,
81,82.0,2.3506419942347314,0.04426865924457589,2.983413120954335,0.6596927180423448,0.3219037028291362,0.14106698262823966,1.7536655987508207,0.429765856892942,0.03683656275179058,1.5981339389913274,-0.21597686823944207,1.1504268812646572,0.24017075346826833,-0.04792084654934597,31.0,343.9988478615944,966.3204358877503,,,,2.651357056249993,
82,83.0,1.0702233623881718,0.6162034806363569,2.35960302759733,0.9343489504668983,0.13028697105389095,0.35102804723659475,2.794255550670555,0.6421229261725816,0.08836646930520886,1.5310717178233675,-0.20034017273929905,0.5291575328982223,0.25517605287317346,-0.0017685333618708277,13.0,904.7547588856653,1000.6290126047148,,,,0.8730366500000191,
83,84.0,1.328784805624573,2.756880370541282,2.942030745804853,0.9117474995266223,0.1519669078121543,0.3160355906254571,2.126172999754604,0.5296713860464709,0.050457797320755116,1.4577108829926435,-0.21182382121468013,2.2592077283891414,0.36092406184745685,-0.08076371136797428,22.0,295.8829729812864,857.3244240137734,,,,7.020893567187495,
84,85.0,0.7802546152869078,3.6739676462079194,2.2544433072065417,0.4859413354620013,0.42247421425055237,0.08601372005059776,1.8069159523257252,0.4465708276509066,0.2226535586482689,1.7339380387886048,-0.16052919731942938,0.6646068816173772,0.29845004197197467,0.055586324555622346,11.0,862.1787402871595,908.517212661007,,,,2.6786479250000084,
85,86.0,0.2729435034928163,7.515631986223285,3.2733866338296314,0.7689065838881387,0.25612906052877465,0.1927917663039921,1.9855053017229094,0.49634987167636546,0.0364418317099619,1.8850079908693536,-0.21609743175102825,0.0177805842284322,0.02171515049688244,1.833576710932315,52.0,568.878030123727,933.8380389293452,,,,1.5012755650297587,
86,87.0,1.2771305690211177,1.5218631219379304,2.779695439810903,0.9590645269250537,0.10221961599172433,0.40305066058131817,1.958571025155068,0.48942367309818346,0.0733547562416815,1.5650081110678167,-0.204874588839828,0.9395548002789936,0.2867303990411891,-0.05597635994166335,18.0,838.9035698535345,515.688922006326,,,,3.1039574703125075,
87,88.0,1.2999654931952236,1.7573880397640058,2.6203327999827986,0.8981888445808099,0.16382090421016446,0.2985474684528732,2.441646431089813,0.5904402917364016,0.09384802098612809,1.718540835915214,-0.19868867993580874,0.4803485858968919,0.277782382139288,-0.12266530463258768,10.0,967.0802128165722,921.7973915902435,,,,,
88,89.0,1.465107058149352,1.1511225772743006,1.7810548524827525,0.9201965279665517,0.14418393786472078,0.32812925502129964,2.118448116284242,0.5279563411002957,0.131804655974661,1.379270585818029,-0.18731520094395027,1.492373777469347,0.44585238143894274,-0.0953793435806285,11.0,329.23769551987226,858.6554410257618,,,,3.3435775249999735,
89,90.0,0.3266639704863903,3.179705770195099,2.0685066711772,0.8360909163959045,0.21148196950542286,0.23802407835208997,1.5986449506907694,0.3744702352026926,0.18805092392267606,1.722911898715605,-0.17065948152722865,0.3798146738243825,0.20523608381801073,0.3241125700721492,11.0,334.40455332824536,970.1645662029379,,,,0.7540684999999956,
